{"cameraMode":{"drawMode":0,"name":"Shaded","section":"Shading Mode"},"sceneLighting":false,"audioPlay":false,"sceneViewState":{"m_AlwaysRefresh":false,"showFog":true,"showSkybox":false,"showFlares":true,"showImageEffects":true,"showParticleSystems":true,"showVisualEffectGraphs":true,"m_FxEnabled":true},"in2DMode":false,"pivot":{"x":-13.287214279174805,"y":6.310125827789307,"z":66.03184509277344},"rotation":{"x":-0.46164005994796755,"y":-0.0077629839070141319,"z":0.003966166637837887,"w":-0.8871326446533203},"size":1.2247449159622193,"orthographic":false}