{"cameraMode":{"drawMode":0,"name":"Shaded","section":"Shading Mode"},"sceneLighting":false,"audioPlay":false,"sceneViewState":{"m_AlwaysRefresh":false,"showFog":true,"showSkybox":false,"showFlares":true,"showImageEffects":true,"showParticleSystems":true,"showVisualEffectGraphs":true,"m_FxEnabled":true},"in2DMode":false,"pivot":{"x":0.016865789890289308,"y":0.7213649749755859,"z":0.054190218448638919},"rotation":{"x":-0.0009708766592666507,"y":0.9989287257194519,"z":-0.04579395055770874,"w":-0.018479103222489358},"size":1.5302612781524659,"orthographic":false}